title,grammar_block,description
a contempla,verb (infinitiv),A privi cu atenție și gândire profundă, a reflecta asupra unui lucru sau fenomen, a medita asupra sensului sau esenței a ceva. Verbul sugerează o privire interioară, o contemplare meditativă care depășește simpla observare.
a se îmbufna,verb reflexiv (infinitiv),A deveni supărat, a arăta nemulțumire prin expresia feței, a se închide în sine. Verbul descrie o reacție emoțională de supărare care se manifestă vizual prin închiderea expresiei faciale și retragerea în sine.
a se îndrăgosti,verb reflexiv (infinitiv),A începe să simți dragoste pentru cineva, a se îndrăgosti de o persoană. Verbul exprimă nașterea sentimentului de dragoste, momentul în care inima se deschide către altcineva.
a se înduioșa,verb reflexiv (infinitiv),A fi mișcat de compasiune sau de sentimente blânde, a se simți emoționat. Verbul descrie o reacție emoțională de tandrețe și compasiune față de o situație sau persoană.
a se îngrijora,verb reflexiv (infinitiv),A deveni îngrijorat, a-și face griji, a se neliniști. Verbul exprimă starea de neliniște și preocupare pentru un rezultat sau o situație incertă.
a se împăca,verb reflexiv (infinitiv),A face pace cu cineva, a se reconcilia, a rezolva un conflict. Verbul descrie procesul de restabilire a armoniei și înțelegerii după o neînțelegere sau conflict.
a se îndepărta,verb reflexiv (infinitiv),A se muta sau a se deplasa la o distanță mai mare, a părăsi un loc. Verbul poate fi folosit atât literal (deplasare fizică), cât și metaforic (distanțare emoțională sau intelectuală).
a se îndura,verb reflexiv (infinitiv),A avea milă, a se îndura de cineva, a simți compasiune. Verbul exprimă sentimentul de milă și compasiune față de suferința altuia.
a se îndrăzni,verb reflexiv (infinitiv),A avea curaj să facă ceva, a se încumeta, a risca. Verbul descrie acțiunea de a-și lua inima în dinți și a face ceva care implică risc sau curaj.
a se îndulci,verb reflexiv (infinitiv),A deveni mai dulce sau mai plăcut, a se înmuia, a se calma. Verbul poate fi folosit literal (pentru gust) sau metaforic (pentru atitudine, vreme, etc.).
contemplație,substantiv (feminin),Actul sau starea de a contempla, meditație profundă, reflectare asupra unui subiect. Substantivul descrie o stare de gândire profundă și reflectare interioară.
înduioșare,substantiv (feminin),Sentiment de tandrețe, compasiune sau emoție blândă. Substantivul exprimă starea emoțională de a fi mișcat de ceva sau cineva.
îngrijorare,substantiv (feminin),Stare de neliniște, preocupare sau teamă pentru ceva. Substantivul descrie sentimentul de anxietate sau neliniște față de o situație incertă.
împăcare,substantiv (feminin),Actul sau procesul de reconciliere, restabilirea păcii și armoniei. Substantivul descrie momentul sau procesul de rezolvare a unui conflict și restabilire a relațiilor.
îndepărtare,substantiv (feminin),Acțiunea de a se îndepărta, distanță sau separare. Substantivul poate descrie atât distanța fizică, cât și cea emoțională sau intelectuală.
îndurare,substantiv (feminin),Sentiment de milă, compasiune sau clemență. Substantivul exprimă capacitatea de a simți și arăta milă față de suferința altora.
îndrăzneală,substantiv (feminin),Curaj, temeritate sau îndrăzneală în a face ceva. Substantivul descrie calitatea de a fi îndrăznitor, de a-și lua riscuri sau de a acționa cu curaj.
îndulcire,substantiv (feminin),Acțiunea de a deveni mai dulce sau mai plăcut. Substantivul poate fi folosit literal (pentru gust) sau metaforic (pentru atitudine, vreme, etc.).
îndrăgostit,adjectiv,Persoană care simte dragoste pentru cineva, persoană îndrăgostită. Adjectivul descrie starea emoțională de a fi în dragoste.
îngrijorat,adjectiv,Stare de neliniște sau preocupare, persoană care își face griji. Adjectivul descrie starea emoțională de anxietate sau neliniște.
înduioșat,adjectiv,Stare de emoție sau tandrețe, persoană mișcată de compasiune. Adjectivul descrie starea de a fi emoționat sau mișcat de ceva sau cineva.
împăcat,adjectiv,Stare de pace și armonie, persoană care s-a reconciliat. Adjectivul descrie starea de reconciliere și restabilire a păcii.
îndepărtat,adjectiv,La distanță, separat sau izolat. Adjectivul poate descrie atât distanța fizică, cât și cea emoțională sau intelectuală.
îndurat,adjectiv,Stare de milă sau compasiune, persoană care arată clemență. Adjectivul descrie capacitatea sau starea de a simți și arăta milă.
îndrăzneț,adjectiv,Curajos, temerar sau îndrăznitor. Adjectivul descrie calitatea de a fi curajos sau de a-și lua riscuri.
îndulcit,adjectiv,Mai dulce sau mai plăcut, înmuiat sau calmat. Adjectivul poate fi folosit literal (pentru gust) sau metaforic (pentru atitudine, vreme, etc.).
cineva,pronume nehotărât,Persoană oarecare, o persoană nedeterminată. Pronumele se referă la o persoană specifică dar neidentificată sau neprecizată.
ceva,pronume nehotărât,Lucru sau situație oarecare, ceva nedeterminat. Pronumele se referă la un lucru, situație sau concept specific dar neidentificat sau neprecizat.
altcineva,pronume nehotărât,Altă persoană, o persoană diferită de cea menționată. Pronumele se referă la o persoană diferită sau suplimentară față de cea deja menționată.
altceva,pronume nehotărât,Alt lucru sau altă situație, ceva diferit de ceea ce a fost menționat. Pronumele se referă la un lucru, situație sau concept diferit sau suplimentar.
a se hodini,verb reflexiv (infinitiv, regional),A se odihni, a-și trage sufletul după muncă. Verbul sugerează o pauză firească, luată fără grabă. Termen regional specific zonei Ardeal, folosit frecvent în vorbirea colocvială și familiară pentru a exprima ideea de odihnă și relaxare după o activitate.
a se îmbuca,verb reflexiv (infinitiv, regional),A mânca, de obicei cu poftă. Termen familiar, folosit în contexte casnice sau prietenești. Verbul este caracteristic vorbirii regionale din Ardeal și sugerează o mâncare savurată, făcută cu plăcere și fără formalități.
a se hodorogi,verb reflexiv (infinitiv, regional),A bolborosi sau a merge prost, făcând zgomote neplăcute, mai ales despre un obiect stricat. Verbul descrie sunetele neplăcute produse de un mecanism defect sau de un obiect care nu funcționează corect, adesea folosit în contextul mașinilor, motoarelor sau altor dispozitive mecanice.
a se fofila,verb reflexiv (infinitiv, regional),A se eschiva, a evita o responsabilitate sau un răspuns direct. Verbul exprimă comportamentul de a evita o situație incomodă sau de a nu da un răspuns clar, adesea prin mijloace indirecte sau prin amânare.
a se îndărătnici,verb reflexiv (infinitiv, regional),A deveni încăpățânat, a insista pe propria voință în ciuda argumentelor. Verbul descrie o atitudine de încăpățânare și refuz de a ceda, chiar și când sunt prezentate argumente valide sau când situația necesită flexibilitate.
fain,adjectiv (regional),Frumos, plăcut, reușit. Un cuvânt emblematic pentru vorbirea ardelenească, folosit pentru a exprima apreciere sau aprobare. Termenul este foarte frecvent în limba vorbită din Ardeal și poate fi folosit pentru a descrie atât obiecte, cât și experiențe sau situații.
no,interjecție (regional),Exprimă acordul, tranziția sau îndemnul: ei bine, hai, așa. Interjecția este caracteristică vorbirii regionale din Ardeal și este folosită pentru a marca tranziții în conversație, a exprima acord sau a îndemna la acțiune.
io,pronume personal (regional),Forma regională pentru «eu», frecvent folosită în vorbirea colocvială. Pronumele este specific zonei Ardeal și este folosit în locul formei standard "eu" în contexte informale și în vorbirea de zi cu zi.
apăi,adverb / interjecție (regional),Așadar, deci; marchează concluzia sau resemnarea. Termenul este folosit pentru a marca o concluzie sau o resemnare față de o situație, adesea exprimând acceptarea unui fapt sau a unei situații inevitabile.
tăt,adjectiv / pronume (regional),Tot, întreg. Formă prescurtată, foarte frecventă în Ardeal. Termenul este folosit pentru a exprima totalitatea sau întregimea a ceva, fiind o formă scurtă și familiară a cuvântului "tot".
amu,adverb de timp (regional),Acum, în momentul de față. Termen regional specific zonei Ardeal, folosit pentru a indica momentul prezent sau imediatul viitor, exprimând ideea de timp actual sau de acțiune iminentă.
curechi,substantiv (regional),Varză. Termen tradițional folosit mai ales în mediul rural. Substantivul este specific vorbirii regionale și se referă la leguma cunoscută sub numele de varză, fiind folosit în special în contexte tradiționale și rurale.
zăpuc,substantiv (regional),Persoană zăpăcită, neastâmpărată sau dezordonată. Termenul descrie o persoană care este confuză, dezorganizată sau care acționează fără grijă, adesea folosit în mod afectuos sau jucăuș pentru a descrie comportamentul cuiva.
lepedău,substantiv (regional),Haină groasă, de obicei purtată iarna. Termenul se referă la o piesă de îmbrăcăminte groasă și caldă, folosită pentru protecție împotriva frigului, fiind caracteristic vorbirii regionale și tradiționale.
tău,substantiv (regional),Lac mic de munte sau de câmpie. Termenul descrie un corp de apă natural, de dimensiuni mici, situat fie în zone montane, fie în câmpie, fiind folosit în contextul geografiei și al naturii din regiunea Ardeal.
blid,substantiv (regional),Farfurie. Termen tradițional, foarte răspândit. Substantivul este folosit pentru a denumi un vas plat folosit pentru servirea mâncării, fiind un termen caracteristic vorbirii regionale și tradiționale din Ardeal.
a se chilăvi,verb reflexiv (infinitiv, regional, arhaic),A slăbi foarte tare, a ajunge într-o stare de epuizare fizică, a se prăpădi de puteri, de obicei din cauza bolii, foamei, muncii grele sau neglijenței. Verbul descrie o stare extremă de slăbiciune și epuizare, adesea rezultatul unor condiții dificile sau al neglijenței în îngrijirea propriei sănătăți.
a se fofila,verb reflexiv (infinitiv, regional),A se eschiva, a evita o responsabilitate sau un răspuns direct. Verbul exprimă comportamentul de a evita o situație incomodă sau de a nu da un răspuns clar, adesea prin mijloace indirecte sau prin amânare, fiind caracteristic vorbirii regionale.
a se hodorogi,verb reflexiv (infinitiv, regional),A bolborosi sau a merge prost, făcând zgomote neplăcute, mai ales despre un obiect stricat. Verbul descrie sunetele neplăcute produse de un mecanism defect sau de un obiect care nu funcționează corect, adesea folosit în contextul mașinilor, motoarelor sau altor dispozitive mecanice care necesită reparații.
cringe,adjectiv / substantiv (col., urban),Ceva jenant sau stânjenitor, care te face să „strâmbi din nas" de rușine pentru altcineva. Termenul este folosit pentru a descrie situații, comportamente sau conținut care provoacă sentimente de jenă sau incomoditate, adesea în contextul culturii internet și al limbajului tinerilor.
a da ghost,expresie (urban),A dispărea brusc din viața cuiva, a înceta să răspundă la mesaje sau apeluri, a tăia orice formă de comunicare fără explicații. Expresia este caracteristică limbajului tinerilor și se referă la comportamentul de a evita contactul cu cineva, adesea după o relație sau o prietenie, fără a oferi explicații sau clarificări.
vibe,substantiv (urban),Atmosferă, senzație, energie sau sentiment general despre un loc, o persoană sau o situație. Termenul este folosit pentru a descrie energia sau atmosfera unei situații, adesea în contextul culturii moderne și al limbajului tinerilor, exprimând sentimentul general sau impresia despre ceva.
slay,verb (infinitiv, urban),A face ceva excelent, a reuși spectaculos, a arăta foarte bine sau a performa la un nivel înalt. Verbul este folosit pentru a exprima admirație sau apreciere pentru performanța sau aspectul cuiva, adesea în contextul modăi, muzicii sau altor domenii creative.
lowkey,adverb (urban),În mod discret, fără să atragă atenția, fără să fie prea evident. Adverbul este folosit pentru a descrie o acțiune sau o situație care are loc într-un mod subtil sau discret, fără să fie prea vizibilă sau evidentă pentru alții.
highkey,adverb (urban),În mod evident, deschis, fără să ascundă ceva. Adverbul este folosit pentru a descrie o acțiune sau o situație care are loc într-un mod deschis și evident, fără încercări de a ascunde sau a minimiza ceva.
a se flexa,verb reflexiv (infinitiv, urban),A se lăuda, a-și arăta realizările sau posesiunile, a face show despre ce ai. Verbul este folosit pentru a descrie comportamentul de a-și expune sau a-și promova realizările, posesiunile sau abilitățile, adesea în contextul rețelelor sociale sau al interacțiunilor sociale.
cap,substantiv (urban),Adevăr, realitate, fapt adevărat. Termenul este folosit pentru a confirma sau a recunoaște adevărul despre ceva, adesea în contextul conversațiilor informale și al limbajului tinerilor, exprimând acordul sau recunoașterea unui fapt.
no cap,expresie (urban),Fără minciună, serios, adevărat. Expresia este folosită pentru a sublinia că ceea ce se spune este adevărat sau serios, fără exagerări sau minciuni, adesea în contextul conversațiilor informale și al limbajului tinerilor.
a se simți,verb reflexiv (infinitiv),A experimenta o emoție sau o senzație, a avea o impresie despre ceva sau despre sine. Verbul descrie procesul de a fi conștient de propriile emoții, sentimente sau stări interioare, fiind fundamental pentru înțelegerea propriei experiențe emoționale.
a reflecta,verb (infinitiv),A gândi profund despre ceva, a analiza sau a examina o problemă sau o situație cu atenție. Verbul descrie procesul de gândire profundă și analiză, implicând examinarea atentă a unui subiect sau a unei situații pentru a înțelege mai bine esența sau implicațiile acesteia.
a medita,verb (infinitiv),A reflecta profund, a contempla sau a se gândi atent la ceva, adesea într-un mod calm și concentrat. Verbul descrie practica de a se concentra mental asupra unui subiect sau a unei idei, adesea asociată cu calmul și introspecția, fiind folosit atât în context spiritual, cât și în context intelectual.
a analiza,verb (infinitiv),A examina în detaliu, a descompune o problemă sau o situație în părți componente pentru a o înțelege mai bine. Verbul descrie procesul sistematic de examinare și evaluare, implicând separarea unui întreg în părți pentru a studia fiecare componentă și relațiile dintre ele.
a evalua,verb (infinitiv),A aprecia sau a estima valoarea, calitatea sau importanța a ceva, a face o judecată despre o situație sau o persoană. Verbul descrie procesul de formare a unei opinii sau a unei concluzii bazate pe examinare și analiză, implicând compararea cu standarde sau criterii stabilite.
a aprecia,verb (infinitiv),A recunoaște valoarea sau calitatea a ceva, a fi recunoscător pentru ceva sau pentru cineva, a înțelege importanța sau frumusețea a ceva. Verbul descrie atitudinea de recunoaștere și respect față de valoarea sau calitatea a ceva sau a cuiva, implicând înțelegerea și recunoașterea meritelor.
a admira,verb (infinitiv),A privi cu respect și apreciere, a simți admirație pentru calitățile sau realizările cuiva sau a ceva. Verbul descrie sentimentul de respect profund și apreciere, adesea însoțit de dorința de a emula sau de a învăța de la persoana sau obiectul admirat.
a respecta,verb (infinitiv),A trata cu considerație și demnitate, a recunoaște și a onora drepturile, opiniile sau calitățile cuiva sau a ceva. Verbul descrie comportamentul de a acorda importanță și considerație, implicând recunoașterea valorii și demnității altora și tratarea lor în consecință.
a onora,verb (infinitiv),A respecta și a recunoaște public valoarea sau realizările cuiva, a celebra sau a comemora ceva sau pe cineva. Verbul descrie actul de a arăta respect și recunoaștere într-un mod public sau formal, adesea prin ceremonii, ritualuri sau acțiuni simbolice care subliniază importanța.
a celebra,verb (infinitiv),A marca un eveniment sau o ocazie specială prin activități festive, a comemora sau a onora ceva sau pe cineva prin ceremonii sau festivități. Verbul descrie procesul de a marca și a onora un moment important sau o realizare, adesea prin activități care implică bucurie, recunoaștere și participare comunitară.
a comemora,verb (infinitiv),A marca sau a aminti un eveniment sau o persoană importantă din trecut, a celebra sau a onora memoria a ceva sau a cuiva. Verbul descrie actul de a păstra și de a onora amintirea unui eveniment sau a unei persoane importante, adesea prin ritualuri, ceremonii sau activități care mențin legătura cu trecutul.
a păstra,verb (infinitiv),A menține sau a conserva ceva în starea sa originală sau în condiții bune, a proteja sau a întreține ceva pentru a-l menține funcțional sau valabil. Verbul descrie acțiunea de a menține integritatea, calitatea sau starea a ceva în timp, implicând îngrijire și protecție pentru a preveni deteriorarea sau pierderea.
a conserva,verb (infinitiv),A păstra sau a menține ceva în starea sa originală, a proteja de deteriorare sau de schimbări, a menține valabil sau funcțional. Verbul descrie procesul de protejare și menținere a integrității a ceva, adesea prin metode speciale sau prin îngrijire atentă pentru a preveni alterarea sau distrugerea.
a proteja,verb (infinitiv),A apăra sau a menține în siguranță, a preveni deteriorarea sau răul, a oferi scut sau apărare împotriva pericolului sau a amenințărilor. Verbul descrie acțiunea de a asigura siguranța și integritatea a ceva sau a cuiva, implicând măsuri preventive sau defensive pentru a evita daune sau riscuri.
a apăra,verb (infinitiv),A proteja sau a menține în siguranță, a rezista sau a lupta împotriva atacului sau a amenințărilor, a susține sau a sprijini o cauză sau o persoană. Verbul descrie acțiunea de a oferi protecție și rezistență, adesea implicând luptă sau opoziție activă împotriva forțelor care amenință sau atacă.
a rezista,verb (infinitiv),A opune rezistență sau a refuza să cedeze, a rămâne ferm sau a menține poziția în fața presiunii sau a forțelor opuse. Verbul descrie capacitatea de a menține poziția sau de a refuza să cedeze, implicând putere, determinare și perseverență în fața dificultăților sau a opoziției.
a persevera,verb (infinitiv),A continua cu determinare și răbdare în ciuda dificultăților sau a obstacolelor, a menține efortul sau a continua să lucrezi la un obiectiv chiar și când este dificil. Verbul descrie calitatea de a rămâne dedicat și de a continua eforturile, implicând răbdare, determinare și refuzul de a renunța în fața provocărilor.
a persista,verb (infinitiv),A continua cu încăpățânare sau cu determinare, a rămâne ferm în poziție sau în acțiune, a continua să existe sau să se întâmple în ciuda opoziției sau a dificultăților. Verbul descrie comportamentul de a menține o acțiune sau o poziție, adesea cu încăpățânare sau determinare, chiar și când este dificil sau când există opoziție.
a insista,verb (infinitiv),A cere sau a afirma ceva cu fermitate și perseverență, a pune accent pe importanța a ceva, a refuza să renunțe la o cerere sau la o opinie. Verbul descrie comportamentul de a sublinia sau de a cere ceva cu putere și determinare, implicând refuzul de a accepta un răspuns negativ sau de a renunța la o poziție.
a sublinia,verb (infinitiv),A pune accent sau a evidenția importanța a ceva, a marca sau a indica ceva ca fiind important sau relevant. Verbul descrie acțiunea de a atrage atenția asupra a ceva sau de a indica importanța, adesea prin mijloace verbale sau vizuale care fac ceva mai vizibil sau mai evident.
a evidenția,verb (infinitiv),A face ceva mai vizibil sau mai evident, a pune în evidență sau a sublinia importanța sau relevanța a ceva. Verbul descrie procesul de a face ceva mai observabil sau mai important, implicând măsuri care atrag atenția sau care subliniază caracteristicile sau importanța a ceva.
a accentua,verb (infinitiv),A pune accent sau a sublinia, a face ceva mai evident sau mai pronunțat, a intensifica sau a mări importanța sau caracterul a ceva. Verbul descrie acțiunea de a face ceva mai pronunțat sau mai evident, implicând mărirea sau intensificarea caracteristicilor sau a importanței a ceva.
a intensifica,verb (infinitiv),A mări sau a crește intensitatea, puterea sau importanța a ceva, a face ceva mai puternic sau mai evident. Verbul descrie procesul de creștere sau de mărire a intensității, puterii sau importanței, implicând o creștere semnificativă a caracteristicilor sau a impactului a ceva.
a amplifica,verb (infinitiv),A mări sau a crește semnificativ, a face ceva mai mare, mai puternic sau mai evident, a extinde sau a dezvolta ceva. Verbul descrie procesul de mărire sau de creștere substanțială, implicând o expansiune sau o dezvoltare care face ceva mai mare, mai puternic sau mai influent.
a extinde,verb (infinitiv),A mări sau a lărgi, a face ceva să acopere o zonă mai mare sau să dureze mai mult, a dezvolta sau a amplifica ceva. Verbul descrie procesul de creștere sau de expansiune, implicând mărirea dimensiunii, domeniului sau duratei a ceva pentru a acoperi o zonă mai mare sau pentru a avea un impact mai larg.
a dezvolta,verb (infinitiv),A crește sau a evolua, a face ceva să devină mai complex, mai avansat sau mai complet, a construi sau a crea ceva treptat. Verbul descrie procesul de creștere și de evoluție, implicând construirea treptată sau expansiunea a ceva pentru a deveni mai complex, mai avansat sau mai complet.
a evolua,verb (infinitiv),A se schimba sau a se dezvolta treptat, a progresa sau a avansa către o formă sau o stare mai complexă sau mai avansată. Verbul descrie procesul natural sau gradual de schimbare și dezvoltare, implicând transformarea sau progresul către o formă sau o stare mai complexă, mai eficientă sau mai adaptată.
a progresa,verb (infinitiv),A avansa sau a face progres, a se dezvolta sau a se îmbunătăți treptat, a merge înainte sau a face pași către un obiectiv. Verbul descrie procesul de avansare sau de îmbunătățire, implicând mișcarea către un obiectiv sau o stare mai bună prin pași măsurați și consecvenți.
a avansa,verb (infinitiv),A merge înainte sau a face progres, a se dezvolta sau a se îmbunătăți, a progresa sau a face pași către un obiectiv sau o poziție mai bună. Verbul descrie acțiunea de mișcare înainte sau de progres, implicând avansarea către un obiectiv sau o poziție mai bună prin eforturi constante și direcționate.
a se îmbunătăți,verb reflexiv (infinitiv),A deveni mai bun sau mai eficient, a face progres sau a avansa către o stare sau o calitate superioară. Verbul descrie procesul de creștere sau de progres către o stare mai bună, implicând îmbunătățirea calității, eficienței sau performanței prin eforturi constante și direcționate.
a perfecționa,verb (infinitiv),A face ceva să devină perfect sau aproape perfect, a îmbunătăți sau a rafina ceva pentru a atinge cea mai bună calitate posibilă. Verbul descrie procesul de îmbunătățire continuă și de rafinare, implicând eliminarea defectelor și optimizarea pentru a atinge cea mai înaltă calitate sau performanță posibilă.
a rafina,verb (infinitiv),A îmbunătăți sau a perfecționa ceva prin eliminarea impurităților sau a elementelor nedorite, a face ceva mai pur, mai precis sau mai elegant. Verbul descrie procesul de purificare sau de îmbunătățire, implicând eliminarea elementelor nedorite sau a defectelor pentru a obține o calitate superioară sau o formă mai pură.
a purifica,verb (infinitiv),A face ceva să devină pur sau curat, a elimina impuritățile sau elementele nedorite, a curăța sau a clarifica ceva. Verbul descrie procesul de eliminare a impurităților sau a elementelor nedorite, implicând curățarea sau clarificarea pentru a obține o stare sau o calitate mai pură.
a clarifica,verb (infinitiv),A face ceva să devină clar sau ușor de înțeles, a explica sau a lămuri o problemă sau o situație, a elimina confuzia sau ambiguitatea. Verbul descrie procesul de explicare sau de lămurire, implicând eliminarea confuziei sau a ambiguității pentru a face ceva mai ușor de înțeles sau mai evident.
a explica,verb (infinitiv),A face ceva clar sau ușor de înțeles, a descrie sau a prezenta detalii despre ceva pentru a ajuta pe cineva să înțeleagă, a oferi informații sau clarificări. Verbul descrie procesul de comunicare a informațiilor sau a ideilor, implicând prezentarea detaliată sau descrierea pentru a ajuta pe cineva să înțeleagă mai bine un subiect sau o situație.
a descrie,verb (infinitiv),A prezenta sau a explica caracteristicile, detaliile sau aspectele a ceva sau a cuiva, a oferi o reprezentare verbală sau scrisă a unei situații, a unui obiect sau a unei experiențe. Verbul descrie procesul de prezentare detaliată, implicând enumerarea sau explicarea caracteristicilor, detaliilor sau aspectelor pentru a crea o imagine clară sau o înțelegere a subiectului.
a prezenta,verb (infinitiv),A arăta sau a expune ceva, a face ceva disponibil sau vizibil, a oferi sau a introduce ceva sau pe cineva într-un context sau într-o situație. Verbul descrie acțiunea de a face ceva cunoscut sau disponibil, implicând expunerea sau introducerea a ceva sau a cuiva într-un mod care permite observarea, înțelegerea sau interacțiunea.
a expune,verb (infinitiv),A face ceva vizibil sau cunoscut, a prezenta sau a arăta ceva public, a dezvălui sau a face ceva disponibil pentru observare sau examinare. Verbul descrie procesul de dezvăluire sau de prezentare, implicând făcerea a ceva vizibil sau cunoscut pentru a permite observarea, examinarea sau înțelegerea.
a dezvălui,verb (infinitiv),A face ceva cunoscut sau public, a expune sau a arăta ceva care era ascuns sau necunoscut, a revela sau a descoperi ceva. Verbul descrie procesul de dezvăluire sau de revelare, implicând făcerea a ceva cunoscut sau vizibil care era anterior ascuns, secret sau necunoscut.
a revela,verb (infinitiv),A dezvălui sau a face cunoscut ceva care era ascuns sau necunoscut, a expune sau a arăta adevărul sau esența a ceva. Verbul descrie procesul de dezvăluire sau de descoperire, implicând făcerea a ceva cunoscut sau evident care era anterior ascuns sau neclar, adesea prin dezvăluirea adevărului sau a esenței.
a descoperi,verb (infinitiv),A găsi sau a afla ceva nou sau necunoscut, a identifica sau a realiza ceva pentru prima dată, a dezvălui sau a revela ceva. Verbul descrie procesul de găsire sau de realizare, implicând identificarea sau înțelegerea a ceva nou sau necunoscut care nu era anterior cunoscut sau evident.
a identifica,verb (infinitiv),A recunoaște sau a determina identitatea, natura sau caracteristicile a ceva sau a cuiva, a distinge sau a clasifica ceva pe baza caracteristicilor sale distinctive. Verbul descrie procesul de recunoaștere sau de determinare, implicând stabilirea identității sau a naturii a ceva pe baza caracteristicilor, semnelor sau indiciilor distinctive.
a distinge,verb (infinitiv),A recunoaște sau a percepe diferența dintre două sau mai multe lucruri, a diferenția sau a separa ceva pe baza caracteristicilor distinctive. Verbul descrie capacitatea de a recunoaște sau de a percepe diferențele, implicând identificarea caracteristicilor distinctive care permit separarea sau clasificarea a ceva.
a diferenția,verb (infinitiv),A distinge sau a recunoaște diferențele, a separa sau a clasifica ceva pe baza caracteristicilor distinctive, a face o distincție sau o diferență între două sau mai multe lucruri. Verbul descrie procesul de separare sau de clasificare, implicând identificarea și utilizarea caracteristicilor distinctive pentru a distinge sau a separa ceva de altele similare.
a separa,verb (infinitiv),A împărți sau a distanța, a face ca două sau mai multe lucruri să nu mai fie unite sau conectate, a izola sau a distinge ceva de altceva. Verbul descrie procesul de divizare sau de distanțare, implicând crearea unei bariere sau a unei distanțe care face ca două sau mai multe lucruri să nu mai fie unite sau conectate.
a izola,verb (infinitiv),A separa sau a distanța ceva sau pe cineva de altele, a face ca ceva sau cineva să fie singur sau separat, a preveni contactul sau interacțiunea cu altele. Verbul descrie procesul de separare sau de distanțare, implicând crearea unei bariere sau a unei condiții care face ca ceva sau cineva să fie separat sau izolat de altele.
a preveni,verb (infinitiv),A împiedica sau a opri ceva să se întâmple, a evita sau a stopa un eveniment, o acțiune sau o consecință nedorită. Verbul descrie acțiunea de a opri sau de a împiedica, implicând măsuri sau acțiuni care evită sau opresc apariția unui eveniment sau a unei consecințe nedorite.
a opri,verb (infinitiv),A face ca ceva să înceteze sau să nu mai continue, a preveni sau a împiedica o acțiune sau un proces, a termina sau a finaliza ceva. Verbul descrie acțiunea de a face ca ceva să înceteze sau să nu mai funcționeze, implicând oprirea sau terminarea unui proces, a unei acțiuni sau a unei activități.
a termina,verb (infinitiv),A finaliza sau a încheia ceva, a completa sau a duce la sfârșit o activitate, o sarcină sau un proces. Verbul descrie acțiunea de a aduce ceva la final, implicând completarea sau încheierea unui proces, a unei activități sau a unei sarcini pentru a atinge un punct final sau un rezultat.
a finaliza,verb (infinitiv),A termina sau a completa ceva, a duce la sfârșit sau a încheia un proces, o activitate sau o sarcină. Verbul descrie procesul de completare sau de încheiere, implicând finalizarea tuturor pașilor sau a tuturor componentelor necesare pentru a atinge un rezultat final sau un punct de finalizare.
a completa,verb (infinitiv),A termina sau a finaliza ceva prin adăugarea a ceea ce lipsește, a face ceva să fie întreg sau complet, a adăuga sau a suplimenta ceva pentru a atinge completitudinea. Verbul descrie procesul de finalizare sau de împlinire, implicând adăugarea elementelor lipsă sau necesare pentru a face ceva complet, întreg sau finalizat.
a adăuga,verb (infinitiv),A pune sau a include ceva la ceva existent, a mări sau a extinde ceva prin includerea a ceva nou, a suplimenta sau a completa ceva. Verbul descrie acțiunea de a include sau de a pune ceva la ceva existent, implicând mărirea, extinderea sau completarea a ceva prin includerea de elemente noi sau suplimentare.
a suplimenta,verb (infinitiv),A adăuga sau a completa ceva, a oferi sau a include ceva suplimentar sau în plus, a mări sau a extinde ceva prin adăugarea de elemente noi. Verbul descrie procesul de adăugare sau de completare, implicând oferirea sau includerea a ceva suplimentar sau în plus pentru a mări, a extinde sau a îmbunătăți ceva existent.
a mări,verb (infinitiv),A face ceva să devină mai mare sau mai extins, a crește sau a extinde dimensiunea, domeniul sau importanța a ceva. Verbul descrie procesul de creștere sau de expansiune, implicând mărirea dimensiunii, domeniul sau importanței pentru a face ceva mai mare, mai extins sau mai influent.
a crește,verb (infinitiv),A deveni mai mare sau mai extins, a se dezvolta sau a se mări în dimensiune, cantitate sau importanță, a progresa sau a avansa către o stare sau o dimensiune superioară. Verbul descrie procesul natural sau gradual de expansiune sau de dezvoltare, implicând creșterea dimensiunii, cantității sau importanței prin procese naturale sau prin eforturi direcționate.
a se dezvolta,verb reflexiv (infinitiv),A crește sau a evolua, a deveni mai complex, mai avansat sau mai complet, a progresa sau a avansa către o formă sau o stare superioară. Verbul descrie procesul de creștere și de evoluție, implicând transformarea sau progresul către o formă sau o stare mai complexă, mai avansată sau mai completă prin procese naturale sau prin eforturi direcționate.
a progresa,verb (infinitiv),A avansa sau a face progres, a se dezvolta sau a se îmbunătăți treptat, a merge înainte sau a face pași către un obiectiv. Verbul descrie procesul de avansare sau de îmbunătățire, implicând mișcarea către un obiectiv sau o stare mai bună prin pași măsurați și consecvenți care indică dezvoltare și îmbunătățire continuă.
a avansa,verb (infinitiv),A merge înainte sau a face progres, a se dezvolta sau a se îmbunătăți, a progresa sau a face pași către un obiectiv sau o poziție mai bună. Verbul descrie acțiunea de mișcare înainte sau de progres, implicând avansarea către un obiectiv sau o poziție mai bună prin eforturi constante și direcționate care aduc îmbunătățiri și dezvoltare.
a se îmbunătăți,verb reflexiv (infinitiv),A deveni mai bun sau mai eficient, a face progres sau a avansa către o stare sau o calitate superioară. Verbul descrie procesul de creștere sau de progres către o stare mai bună, implicând îmbunătățirea calității, eficienței sau performanței prin eforturi constante și direcționate care aduc rezultate pozitive și dezvoltare.
a perfecționa,verb (infinitiv),A face ceva să devină perfect sau aproape perfect, a îmbunătăți sau a rafina ceva pentru a atinge cea mai bună calitate posibilă. Verbul descrie procesul de îmbunătățire continuă și de rafinare, implicând eliminarea defectelor și optimizarea pentru a atinge cea mai înaltă calitate sau performanță posibilă prin eforturi constante și atente.
a rafina,verb (infinitiv),A îmbunătăți sau a perfecționa ceva prin eliminarea impurităților sau a elementelor nedorite, a face ceva mai pur, mai precis sau mai elegant. Verbul descrie procesul de purificare sau de îmbunătățire, implicând eliminarea elementelor nedorite sau a defectelor pentru a obține o calitate superioară sau o formă mai pură prin procese atente și precise.
a purifica,verb (infinitiv),A face ceva să devină pur sau curat, a elimina impuritățile sau elementele nedorite, a curăța sau a clarifica ceva. Verbul descrie procesul de eliminare a impurităților sau a elementelor nedorite, implicând curățarea sau clarificarea pentru a obține o stare sau o calitate mai pură prin metode și procese care elimină contaminarea sau alterarea.
a clarifica,verb (infinitiv),A face ceva să devină clar sau ușor de înțeles, a explica sau a lămuri o problemă sau o situație, a elimina confuzia sau ambiguitatea. Verbul descrie procesul de explicare sau de lămurire, implicând eliminarea confuziei sau a ambiguității pentru a face ceva mai ușor de înțeles sau mai evident prin prezentare clară și detaliată a informațiilor.
a explica,verb (infinitiv),A face ceva clar sau ușor de înțeles, a descrie sau a prezenta detalii despre ceva pentru a ajuta pe cineva să înțeleagă, a oferi informații sau clarificări. Verbul descrie procesul de comunicare a informațiilor sau a ideilor, implicând prezentarea detaliată sau descrierea pentru a ajuta pe cineva să înțeleagă mai bine un subiect sau o situație prin expunere clară și comprehensivă.
a descrie,verb (infinitiv),A prezenta sau a explica caracteristicile, detaliile sau aspectele a ceva sau a cuiva, a oferi o reprezentare verbală sau scrisă a unei situații, a unui obiect sau a unei experiențe. Verbul descrie procesul de prezentare detaliată, implicând enumerarea sau explicarea caracteristicilor, detaliilor sau aspectelor pentru a crea o imagine clară sau o înțelegere a subiectului prin expunere comprehensivă și detaliată.
a prezenta,verb (infinitiv),A arăta sau a expune ceva, a face ceva disponibil sau vizibil, a oferi sau a introduce ceva sau pe cineva într-un context sau într-o situație. Verbul descrie acțiunea de a face ceva cunoscut sau disponibil, implicând expunerea sau introducerea a ceva sau a cuiva într-un mod care permite observarea, înțelegerea sau interacțiunea prin prezentare clară și accesibilă.
a expune,verb (infinitiv),A face ceva vizibil sau cunoscut, a prezenta sau a arăta ceva public, a dezvălui sau a face ceva disponibil pentru observare sau examinare. Verbul descrie procesul de dezvăluire sau de prezentare, implicând făcerea a ceva vizibil sau cunoscut pentru a permite observarea, examinarea sau înțelegerea prin expunere deschisă și accesibilă.
a dezvălui,verb (infinitiv),A face ceva cunoscut sau public, a expune sau a arăta ceva care era ascuns sau necunoscut, a revela sau a descoperi ceva. Verbul descrie procesul de dezvăluire sau de revelare, implicând făcerea a ceva cunoscut sau vizibil care era anterior ascuns, secret sau necunoscut prin dezvăluire deschisă și directă.
a revela,verb (infinitiv),A dezvălui sau a face cunoscut ceva care era ascuns sau necunoscut, a expune sau a arăta adevărul sau esența a ceva. Verbul descrie procesul de dezvăluire sau de descoperire, implicând făcerea a ceva cunoscut sau evident care era anterior ascuns sau neclar, adesea prin dezvăluirea adevărului sau a esenței într-un mod clar și direct.
a descoperi,verb (infinitiv),A găsi sau a afla ceva nou sau necunoscut, a identifica sau a realiza ceva pentru prima dată, a dezvălui sau a revela ceva. Verbul descrie procesul de găsire sau de realizare, implicând identificarea sau înțelegerea a ceva nou sau necunoscut care nu era anterior cunoscut sau evident prin explorare și investigare atentă.
a identifica,verb (infinitiv),A recunoaște sau a determina identitatea, natura sau caracteristicile a ceva sau a cuiva, a distinge sau a clasifica ceva pe baza caracteristicilor sale distinctive. Verbul descrie procesul de recunoaștere sau de determinare, implicând stabilirea identității sau a naturii a ceva pe baza caracteristicilor, semnelor sau indiciilor distinctive prin analiză și examinare atentă.
a distinge,verb (infinitiv),A recunoaște sau a percepe diferența dintre două sau mai multe lucruri, a diferenția sau a separa ceva pe baza caracteristicilor distinctive. Verbul descrie capacitatea de a recunoaște sau de a percepe diferențele, implicând identificarea caracteristicilor distinctive care permit separarea sau clasificarea a ceva prin observare atentă și analiză comparativă.
a diferenția,verb (infinitiv),A distinge sau a recunoaște diferențele, a separa sau a clasifica ceva pe baza caracteristicilor distinctive, a face o distincție sau o diferență între două sau mai multe lucruri. Verbul descrie procesul de separare sau de clasificare, implicând identificarea și utilizarea caracteristicilor distinctive pentru a distinge sau a separa ceva de altele similare prin analiză și evaluare atentă.
a separa,verb (infinitiv),A împărți sau a distanța, a face ca două sau mai multe lucruri să nu mai fie unite sau conectate, a izola sau a distinge ceva de altceva. Verbul descrie procesul de divizare sau de distanțare, implicând crearea unei bariere sau a unei distanțe care face ca două sau mai multe lucruri să nu mai fie unite sau conectate prin acțiuni fizice sau conceptuale.
a izola,verb (infinitiv),A separa sau a distanța ceva sau pe cineva de altele, a face ca ceva sau cineva să fie singur sau separat, a preveni contactul sau interacțiunea cu altele. Verbul descrie procesul de separare sau de distanțare, implicând crearea unei bariere sau a unei condiții care face ca ceva sau cineva să fie separat sau izolat de altele prin măsuri fizice sau sociale.
a preveni,verb (infinitiv),A împiedica sau a opri ceva să se întâmple, a evita sau a stopa un eveniment, o acțiune sau o consecință nedorită. Verbul descrie acțiunea de a opri sau de a împiedica, implicând măsuri sau acțiuni care evită sau opresc apariția unui eveniment sau a unei consecințe nedorite prin intervenție proactivă și strategică.
a opri,verb (infinitiv),A face ca ceva să înceteze sau să nu mai continue, a preveni sau a împiedica o acțiune sau un proces, a termina sau a finaliza ceva. Verbul descrie acțiunea de a face ca ceva să înceteze sau să nu mai funcționeze, implicând oprirea sau terminarea unui proces, a unei acțiuni sau a unei activități prin acțiune directă și imediată.
a termina,verb (infinitiv),A finaliza sau a încheia ceva, a completa sau a duce la sfârșit o activitate, o sarcină sau un proces. Verbul descrie acțiunea de a aduce ceva la final, implicând completarea sau încheierea unui proces, a unei activități sau a unei sarcini pentru a atinge un punct final sau un rezultat prin finalizare completă și sistematică.
a finaliza,verb (infinitiv),A termina sau a completa ceva, a duce la sfârșit sau a încheia un proces, o activitate sau o sarcină. Verbul descrie procesul de completare sau de încheiere, implicând finalizarea tuturor pașilor sau a tuturor componentelor necesare pentru a atinge un rezultat final sau un punct de finalizare prin eforturi organizate și complete.
a completa,verb (infinitiv),A termina sau a finaliza ceva prin adăugarea a ceea ce lipsește, a face ceva să fie întreg sau complet, a adăuga sau a suplimenta ceva pentru a atinge completitudinea. Verbul descrie procesul de finalizare sau de împlinire, implicând adăugarea elementelor lipsă sau necesare pentru a face ceva complet, întreg sau finalizat prin includere sistematică a tuturor componentelor necesare.
a adăuga,verb (infinitiv),A pune sau a include ceva la ceva existent, a mări sau a extinde ceva prin includerea a ceva nou, a suplimenta sau a completa ceva. Verbul descrie acțiunea de a include sau de a pune ceva la ceva existent, implicând mărirea, extinderea sau completarea a ceva prin includerea de elemente noi sau suplimentare care îmbunătățesc sau completează întregul.
a suplimenta,verb (infinitiv),A adăuga sau a completa ceva, a oferi sau a include ceva suplimentar sau în plus, a mări sau a extinde ceva prin adăugarea de elemente noi. Verbul descrie procesul de adăugare sau de completare, implicând oferirea sau includerea a ceva suplimentar sau în plus pentru a mări, a extinde sau a îmbunătăți ceva existent prin contribuții valoroase și relevante.
a mări,verb (infinitiv),A face ceva să devină mai mare sau mai extins, a crește sau a extinde dimensiunea, domeniul sau importanța a ceva. Verbul descrie procesul de creștere sau de expansiune, implicând mărirea dimensiunii, domeniul sau importanței pentru a face ceva mai mare, mai extins sau mai influent prin expansiune măsurată și strategică.
a crește,verb (infinitiv),A deveni mai mare sau mai extins, a se dezvolta sau a se mări în dimensiune, cantitate sau importanță, a progresa sau a avansa către o stare sau o dimensiune superioară. Verbul descrie procesul natural sau gradual de expansiune sau de dezvoltare, implicând creșterea dimensiunii, cantității sau importanței prin procese naturale sau prin eforturi direcționate care aduc rezultate măsurabile și sustenabile.
a se dezvolta,verb reflexiv (infinitiv),A crește sau a evolua, a deveni mai complex, mai avansat sau mai complet, a progresa sau a avansa către o formă sau o stare superioară. Verbul descrie procesul de creștere și de evoluție, implicând transformarea sau progresul către o formă sau o stare mai complexă, mai avansată sau mai completă prin procese naturale sau prin eforturi direcționate care aduc îmbunătățiri și dezvoltare continuă.
a progresa,verb (infinitiv),A avansa sau a face progres, a se dezvolta sau a se îmbunătăți treptat, a merge înainte sau a face pași către un obiectiv. Verbul descrie procesul de avansare sau de îmbunătățire, implicând mișcarea către un obiectiv sau o stare mai bună prin pași măsurați și consecvenți care indică dezvoltare și îmbunătățire continuă și măsurabilă.
a avansa,verb (infinitiv),A merge înainte sau a face progres, a se dezvolta sau a se îmbunătăți, a progresa sau a face pași către un obiectiv sau o poziție mai bună. Verbul descrie acțiunea de mișcare înainte sau de progres, implicând avansarea către un obiectiv sau o poziție mai bună prin eforturi constante și direcționate care aduc îmbunătățiri și dezvoltare măsurabilă și sustenabilă.
a se îmbunătăți,verb reflexiv (infinitiv),A deveni mai bun sau mai eficient, a face progres sau a avansa către o stare sau o calitate superioară. Verbul descrie procesul de creștere sau de progres către o stare mai bună, implicând îmbunătățirea calității, eficienței sau performanței prin eforturi constante și direcționate care aduc rezultate pozitive și dezvoltare măsurabilă și sustenabilă.
a perfecționa,verb (infinitiv),A face ceva să devină perfect sau aproape perfect, a îmbunătăți sau a rafina ceva pentru a atinge cea mai bună calitate posibilă. Verbul descrie procesul de îmbunătățire continuă și de rafinare, implicând eliminarea defectelor și optimizarea pentru a atinge cea mai înaltă calitate sau performanță posibilă prin eforturi constante și atente care aduc perfecțiune și excelență.
a rafina,verb (infinitiv),A îmbunătăți sau a perfecționa ceva prin eliminarea impurităților sau a elementelor nedorite, a face ceva mai pur, mai precis sau mai elegant. Verbul descrie procesul de purificare sau de îmbunătățire, implicând eliminarea elementelor nedorite sau a defectelor pentru a obține o calitate superioară sau o formă mai pură prin procese atente și precise care aduc rafinament și eleganță.
a purifica,verb (infinitiv),A face ceva să devină pur sau curat, a elimina impuritățile sau elementele nedorite, a curăța sau a clarifica ceva. Verbul descrie procesul de eliminare a impurităților sau a elementelor nedorite, implicând curățarea sau clarificarea pentru a obține o stare sau o calitate mai pură prin metode și procese care elimină contaminarea sau alterarea într-un mod eficient și complet.
a clarifica,verb (infinitiv),A face ceva să devină clar sau ușor de înțeles, a explica sau a lămuri o problemă sau o situație, a elimina confuzia sau ambiguitatea. Verbul descrie procesul de explicare sau de lămurire, implicând eliminarea confuziei sau a ambiguității pentru a face ceva mai ușor de înțeles sau mai evident prin prezentare clară și detaliată a informațiilor care aduc înțelegere și claritate.
a explica,verb (infinitiv),A face ceva clar sau ușor de înțeles, a descrie sau a prezenta detalii despre ceva pentru a ajuta pe cineva să înțeleagă, a oferi informații sau clarificări. Verbul descrie procesul de comunicare a informațiilor sau a ideilor, implicând prezentarea detaliată sau descrierea pentru a ajuta pe cineva să înțeleagă mai bine un subiect sau o situație prin expunere clară și comprehensivă care aduce înțelegere și claritate.
a descrie,verb (infinitiv),A prezenta sau a explica caracteristicile, detaliile sau aspectele a ceva sau a cuiva, a oferi o reprezentare verbală sau scrisă a unei situații, a unui obiect sau a unei experiențe. Verbul descrie procesul de prezentare detaliată, implicând enumerarea sau explicarea caracteristicilor, detaliilor sau aspectelor pentru a crea o imagine clară sau o înțelegere a subiectului prin expunere comprehensivă și detaliată care aduce claritate și înțelegere completă.
a prezenta,verb (infinitiv),A arăta sau a expune ceva, a face ceva disponibil sau vizibil, a oferi sau a introduce ceva sau pe cineva într-un context sau într-o situație. Verbul descrie acțiunea de a face ceva cunoscut sau disponibil, implicând expunerea sau introducerea a ceva sau a cuiva într-un mod care permite observarea, înțelegerea sau interacțiunea prin prezentare clară și accesibilă care facilitează comunicarea și înțelegerea.
a expune,verb (infinitiv),A face ceva vizibil sau cunoscut, a prezenta sau a arăta ceva public, a dezvălui sau a face ceva disponibil pentru observare sau examinare. Verbul descrie procesul de dezvăluire sau de prezentare, implicând făcerea a ceva vizibil sau cunoscut pentru a permite observarea, examinarea sau înțelegerea prin expunere deschisă și accesibilă care aduce transparență și claritate.
a dezvălui,verb (infinitiv),A face ceva cunoscut sau public, a expune sau a arăta ceva care era ascuns sau necunoscut, a revela sau a descoperi ceva. Verbul descrie procesul de dezvăluire sau de revelare, implicând făcerea a ceva cunoscut sau vizibil care era anterior ascuns, secret sau necunoscut prin dezvăluire deschisă și directă care aduce adevăr și transparență.
a revela,verb (infinitiv),A dezvălui sau a face cunoscut ceva care era ascuns sau necunoscut, a expune sau a arăta adevărul sau esența a ceva. Verbul descrie procesul de dezvăluire sau de descoperire, implicând făcerea a ceva cunoscut sau evident care era anterior ascuns sau neclar, adesea prin dezvăluirea adevărului sau a esenței într-un mod clar și direct care aduce înțelegere și claritate.
a descoperi,verb (infinitiv),A găsi sau a afla ceva nou sau necunoscut, a identifica sau a realiza ceva pentru prima dată, a dezvălui sau a revela ceva. Verbul descrie procesul de găsire sau de realizare, implicând identificarea sau înțelegerea a ceva nou sau necunoscut care nu era anterior cunoscut sau evident prin explorare și investigare atentă care aduce cunoștințe noi și înțelegere.
a identifica,verb (infinitiv),A recunoaște sau a determina identitatea, natura sau caracteristicile a ceva sau a cuiva, a distinge sau a clasifica ceva pe baza caracteristicilor sale distinctive. Verbul descrie procesul de recunoaștere sau de determinare, implicând stabilirea identității sau a naturii a ceva pe baza caracteristicilor, semnelor sau indiciilor distinctive prin analiză și examinare atentă care aduce claritate și precizie.
a distinge,verb (infinitiv),A recunoaște sau a percepe diferența dintre două sau mai multe lucruri, a diferenția sau a separa ceva pe baza caracteristicilor distinctive. Verbul descrie capacitatea de a recunoaște sau de a percepe diferențele, implicând identificarea caracteristicilor distinctive care permit separarea sau clasificarea a ceva prin observare atentă și analiză comparativă care aduce claritate și precizie în recunoaștere.
a diferenția,verb (infinitiv),A distinge sau a recunoaște diferențele, a separa sau a clasifica ceva pe baza caracteristicilor distinctive, a face o distincție sau o diferență între două sau mai multe lucruri. Verbul descrie procesul de separare sau de clasificare, implicând identificarea și utilizarea caracteristicilor distinctive pentru a distinge sau a separa ceva de altele similare prin analiză și evaluare atentă care aduce claritate și organizare.
a separa,verb (infinitiv),A împărți sau a distanța, a face ca două sau mai multe lucruri să nu mai fie unite sau conectate, a izola sau a distinge ceva de altceva. Verbul descrie procesul de divizare sau de distanțare, implicând crearea unei bariere sau a unei distanțe care face ca două sau mai multe lucruri să nu mai fie unite sau conectate prin acțiuni fizice sau conceptuale care aduc separare și distincție clară.
a izola,verb (infinitiv),A separa sau a distanța ceva sau pe cineva de altele, a face ca ceva sau cineva să fie singur sau separat, a preveni contactul sau interacțiunea cu altele. Verbul descrie procesul de separare sau de distanțare, implicând crearea unei bariere sau a unei condiții care face ca ceva sau cineva să fie separat sau izolat de alt