title,grammar_block,description,tags
Nălucă,substantiv (feminin),Viziune sau apariție ireală, fantomă, iluzie optică sau percepție falsă. Substantivul descrie ceva care pare să existe dar nu este real, o apariție misterioasă sau o iluzie care îți înșeală simțurile. Poate fi folosit și metaforic pentru a descrie ceva care pare frumos sau atrăgător dar este de fapt iluzoriu sau temporar.,Regionalisme
Tihnă,substantiv (feminin),Liniște profundă, pace interioară, calm și seninătate. Substantivul exprimă o stare de liniște completă, atât fizică cât și emoțională, o pauză de la agitație și zgomot. Este o stare de repaus și echilibru care aduce o senzație de confort și siguranță.,""
Zăbavă,substantiv (feminin),Întârziere, amânare sau pauză în desfășurarea unui eveniment. Substantivul descrie o întrerupere temporară sau o amânare, de obicei neașteptată sau nedorită. Poate indica și o pauză în activitate, o oprire momentană care întârzie progresul sau finalizarea a ceva.,Regionalisme
Răgaz,substantiv (neuter),Timp liber, răgaz, pauză sau moment de odihnă. Substantivul descrie o perioadă de timp disponibilă pentru relaxare sau activități personale, un moment de respiro de la obligații și responsabilități. Este timpul pe care îl ai la dispoziție pentru a face ce vrei, fără presiuni sau termene limită.,""
Freamăt,substantiv (neuter),Zgomot ușor și continuu, murmur sau șoaptă a naturii. Substantivul descrie un sunet discret și persistent, de obicei produs de vânt, apă sau frunze. Este un zgomot care nu deranjează ci dimpotrivă, creează o atmosferă liniștită și naturală, adesea asociat cu păduri, râuri sau câmpuri.,""
Aievea,adverb,În realitate, de fapt, cu adevărat sau efectiv. Adverbul exprimă certitudinea și realitatea unei situații, contrastând cu aparențele sau cu ceea ce pare a fi. Este folosit pentru a sublinia că ceva este adevărat și real, nu doar imaginar sau presupus.,""
a se sminti,verb reflexiv (infinitiv),A-și pierde mințile, a deveni nebun sau a-și pierde controlul rațional. Verbul descrie o stare de confuzie mentală extremă sau de pierdere a rațiunii, adesea cauzată de stres, șoc sau emoții puternice. Poate indica și o reacție exagerată sau irațională la o situație dificilă.,Regionalisme
Zămislire,substantiv (feminin),Creare sau formare a unei idei, concepție sau naștere a unui gând. Substantivul descrie procesul de a concepe sau a imagina ceva nou, momentul în care o idee sau un plan începe să ia formă în minte. Este actul creativ de a da naștere la ceva care nu exista înainte, fie că e vorba de o idee abstractă sau un plan concret.,""
Plăpând,adjectiv,Slab, firav, lipsit de vigoare sau de forță. Adjectivul descrie o persoană sau un lucru care este fragil, delicat sau care nu are rezistență fizică. Poate indica și o stare de slăbiciune emoțională sau o lipsă de energie și vitalitate. Este adesea folosit pentru a descrie ceva care pare vulnerabil sau care necesită protecție.,Regionalisme
Tăinuit,adjectiv,Secret, ascuns sau păstrat în taină. Adjectivul descrie ceva care este menținut ascuns de cunoștința publică, ceva despre care nu se vorbește deschis sau care este păstrat discret. Poate indica și o informație sau un sentiment care este păstrat privat, departe de privirile sau auzul altora.,""
Hălădui,verb (infinitiv),A locui, a trăi sau a avea domiciliul într-un loc. Verbul descrie acțiunea de a avea reședința într-un anumit loc, de a trăi acolo în mod permanent sau temporar. Este un termen care exprimă stabilirea într-un spațiu, crearea unui cămin sau pur și simplu existența într-un anumit loc geografic.,Regionalisme
Pribeag,substantiv (masculin),Persoană fără cămin, nomad sau rătăcitor. Substantivul descrie pe cineva care nu are un loc fix de reședință, care călătorește constant sau care este în căutarea unui loc de stabilire. Poate indica și o persoană care se simte deconectată sau care nu aparține unui anumit loc sau comunitate.,Regionalisme
Neostoit,adjectiv,Neîncetat, continuu sau fără oprire. Adjectivul descrie ceva care se întâmplă în mod constant, fără întrerupere sau pauză. Poate indica o activitate, un proces sau o stare care persistă fără încetare, care nu se oprește sau care continuă în mod neîntrerupt.,""
Zglobiu,adjectiv,Vesel, vioi sau plin de energie și bucurie. Adjectivul descrie o persoană sau o atitudine care este plină de vitalitate, entuziasm și optimism. Este folosit pentru a caracteriza pe cineva care este activ, animat și care răspândește bucurie și energie pozitivă în jurul său.,Regionalisme
Adiere,substantiv (feminin),Suflare ușoară de vânt, adiere sau curent de aer discret. Substantivul descrie o mișcare subtilă a aerului, o briză ușoară care aduce răcoare și prospețime. Este un vânt discret care nu este puternic ci dimpotrivă, delicat și plăcut, adesea asociat cu seninătate și liniște.,""
Zădărnicie,substantiv (feminin),Futilitate, inutilitate sau lipsă de sens. Substantivul descrie calitatea a ceva care este fără valoare, fără scop sau fără importanță. Poate indica o acțiune, un efort sau un obiectiv care se dovedește a fi zadarnic, care nu aduce rezultate sau care nu are un scop real sau util.,""
Răvășit,adjectiv,Distrus, devastat sau complet ruinat. Adjectivul descrie ceva care a fost distrus complet, care a suferit daune severe sau care a fost redus la starea de ruină. Poate indica și o stare emoțională de devastare sau o situație care a fost complet compromisă sau distrusă.,""
a se dumiri,verb reflexiv (infinitiv),A se gândi, a reflecta sau a medita asupra ceva. Verbul descrie procesul de gândire profundă, de reflectare sau de analiză a unei situații sau probleme. Este actul de a-și folosi mintea pentru a înțelege, a evalua sau a lua o decizie, implicând o procesare atentă a informațiilor.,Regionalisme
Nesfârșire,substantiv (feminin),Infinitate, eternitate sau lipsă de sfârșit. Substantivul descrie ceva care nu are limită sau sfârșit, ceva care se întinde la nesfârșit sau care durează pentru totdeauna. Poate indica și o cantitate sau o extindere care este atât de mare încât pare fără limită sau imposibil de măsurat.,""
Învăluire,substantiv (feminin),Acțiunea de a înveli sau de a acoperi complet ceva. Substantivul descrie procesul de a acoperi sau de a ascunde ceva sub un strat sau o acoperire. Poate indica și o stare în care ceva este complet înconjurat sau ascuns, fie fizic fie metaforic, creând o senzație de izolare sau protecție.,""
Cumpănă,substantiv (feminin),Echilibru, balanță sau stabilitate între două forțe opuse. Substantivul descrie o stare de echilibru perfect, o balanță între elemente care se contrapun. Poate indica și o situație în care două părți sau două opțiuni sunt egale în importanță sau forță, necesitând o decizie atentă pentru a menține echilibrul.,""
a se înduioșa,verb reflexiv (infinitiv),A fi mișcat de compasiune sau de sentimente blânde, a se simți emoționat. Verbul descrie o reacție emoțională de tandrețe și compasiune față de o situație sau persoană. Este momentul în care inima se deschide și se lasă pătrunsă de emoții pozitive, de milă sau de sentimente calde și blânde.,""
Tânguire,substantiv (feminin),Plângere, lamentare sau exprimare a durerii și suferinței. Substantivul descrie actul de a-și exprima durerea, tristețea sau nemulțumirea prin cuvinte sau sunete. Este o formă de comunicare emoțională care transmite suferință, regret sau dorință de ajutor, adesea exprimată într-un mod care caută compasiune sau înțelegere.,""
Sclipire,substantiv (feminin),Strălucire, scânteiere sau emanație de lumină. Substantivul descrie actul sau efectul de a străluci, de a emana lumină sau de a reflecta raze de lumină. Poate indica și o calitate sau o caracteristică care iese în evidență, care atrage atenția sau care impresionează prin frumusețe sau strălucire.,""
Vremelnic,adjectiv,Temporar, efemer sau care durează doar o scurtă perioadă. Adjectivul descrie ceva care nu este permanent, care există doar pentru un timp limitat sau care se schimbă rapid. Poate indica și o situație, o stare sau o condiție care este instabilă sau care nu poate fi de durată, supusă schimbărilor constante.,""
a se furișa,verb reflexiv (infinitiv),A se mișca discret și fără zgomot, a se strecura sau a se apropa pe ascuns. Verbul descrie o mișcare atentă și silențioasă, de obicei pentru a evita să fii observat sau pentru a nu deranja. Este actul de a te deplasa cu precauție, fără să atragi atenția, adesea cu intenția de a evita detecția sau de a nu perturba liniștea.,""
Pustiu,adjectiv,Deșert, gol sau lipsit de viață și vegetație. Adjectivul descrie un loc care este complet gol, fără semne de viață sau activitate umană. Poate indica și o stare emoțională de gol, de singurătate sau de lipsă de conținut, creând o senzație de izolare și abandon.,""
a se risipești,verb reflexiv (infinitiv),A se dispersa, a se împrăștia sau a dispărea treptat. Verbul descrie procesul de a se descompune sau de a se împrăștia în părți mici, de a pierde coerența sau unitatea. Poate indica și o grupă de oameni sau obiecte care se separă și se îndepărtează unul de altul, pierzându-și legătura sau unitatea inițială.,""
Negrăit,adjectiv,Neînchipuit, de necrezut sau imposibil de imaginat. Adjectivul descrie ceva care este atât de extrem, de neobișnuit sau de incredibil încât pare imposibil de conceput sau de înțeles. Este folosit pentru a sublinia caracterul extraordinar, fie pozitiv fie negativ, al unei situații sau experiențe.,""
Pâlpâire,substantiv (feminin),Tremurare sau scânteiere intermitentă a unei flăcări sau a unei surse de lumină. Substantivul descrie mișcarea neregulată și tremurătoare a unei flăcări sau a unei lumini care oscilează. Poate indica și o stare instabilă sau o activitate care fluctuează, care nu este constantă ci dimpotrivă, se schimbă și se mișcă într-un mod imprevizibil.,""
a se zori,verb reflexiv (infinitiv),A se grăbi, a se sili sau a acționa cu urgență. Verbul descrie acțiunea de a face ceva rapid, de a se mișca cu grabă sau de a acționa fără întârziere. Este folosit pentru a exprima necesitatea de a acționa prompt, de a nu pierde timp sau de a finaliza ceva în cel mai scurt timp posibil.,Regionalisme
a se îmblânzi,verb reflexiv (infinitiv),A deveni mai blând, mai calm sau mai docil. Verbul descrie procesul de a-și schimba comportamentul sau atitudinea, devenind mai puțin agresiv, mai controlat sau mai ușor de gestionat. Poate indica și o persoană sau un animal care devine mai prietenos, mai încrezător sau mai ușor de abordat după o perioadă de timp.,""
a se perinda,verb reflexiv (infinitiv),A se plimba, a se deplasa fără scop anume sau a umbla încoace și încoace. Verbul descrie o mișcare relaxată și fără direcție precisă, de obicei pentru plăcere sau pentru a-și petrece timpul. Este actul de a te mișca fără un destinație anume, explorând sau pur și simplu bucurându-te de mișcare și de schimbarea de peisaj.,Regionalisme
Zăvorât,adjectiv,Închis cu zăvor, blocat sau securizat. Adjectivul descrie ceva care este închis și securizat, care nu poate fi deschis ușor sau care este protejat împotriva accesului neautorizat. Poate indica și o stare de izolare sau de separare, ceva care este păstrat departe sau protejat de influențe externe.,""
Nehotărât,adjectiv,Indecis, nesigur sau lipsit de claritate. Adjectivul descrie o stare de incertitudine sau de lipsă a unei decizii clare. Poate indica și ceva care nu este precis definit, care rămâne ambiguu sau care necesită clarificare suplimentară pentru a fi complet înțeles sau rezolvat.,""
a se istovi,verb reflexiv (infinitiv),A se epuiza complet, a-și consuma toate resursele sau a ajunge la limita capacității. Verbul descrie procesul de a ajunge într-o stare de epuizare totală, fie fizică fie emoțională, după ce toate energiile sau resursele au fost consumate. Este momentul în care nu mai rămâne nimic, când capacitatea de a continua sau de a rezista a fost complet epuizată.,""
a se limpezi,verb reflexiv (infinitiv),A deveni clar, a se clarifica sau a-și recâștiga claritatea mentală. Verbul descrie procesul de a deveni mai clar sau mai ușor de înțeles, fie pentru minte fie pentru o situație. Poate indica și o persoană care își recâștigă claritatea de gândire, care devine mai conștientă sau care înțelege mai bine o situație după o perioadă de confuzie.,""
Străfund,substantiv (neuter),Adâncime extremă, fundul cel mai adânc sau punctul cel mai îndepărtat. Substantivul descrie cea mai adâncă parte a ceva, locul cel mai îndepărtat sau cel mai inaccesibil. Poate indica și o stare sau o condiție extremă, cea mai profundă formă a ceva sau punctul culminant al unei experiențe sau situații.,""
a se înfiripa,verb reflexiv (infinitiv),A începe să se formeze, a lua naștere sau a începe să se dezvolte. Verbul descrie momentul inițial al formării sau al dezvoltării a ceva, când ceva nou începe să ia formă sau să devină vizibil. Este procesul de a da naștere la ceva, de a crea bazele sau de a iniția dezvoltarea a ceva care va crește sau se va extinde ulterior.,Regionalisme
Nesățios,adjectiv,Insatiabil, care nu poate fi mulțumit sau care dorește mereu mai mult. Adjectivul descrie o persoană sau o dorință care nu poate fi satisfăcută, care caută constant mai mult sau care nu este niciodată mulțumită cu ceea ce are. Poate indica și o poftă sau o nevoie care este atât de puternică încât nu poate fi stinsă sau satisfăcută complet.,""
a se domoli,verb reflexiv (infinitiv),A deveni mai calm, a se liniști sau a-și reduce intensitatea. Verbul descrie procesul de a deveni mai puțin agitat, mai puțin intens sau mai controlat. Poate indica și o situație, o activitate sau o emoție care își reduce treptat intensitatea, devenind mai blândă, mai ușor de gestionat sau mai puțin deranjantă.,""
a se aprinde,verb reflexiv (infinitiv),A începe să ardă, a se inflama sau a deveni foarte entuziasmat. Verbul descrie procesul de a începe să ardă sau de a se inflama, fie literal (foc) fie metaforic (emoții, pasiuni). Poate indica și o persoană care devine foarte entuziasmată, pasionată sau emoționată despre ceva, manifestând o energie și o intensitate emoțională crescute.,""
Fărâmă,substantiv (feminin),Bucățică mică, fragment sau particulă dintr-un întreg mai mare. Substantivul descrie o parte foarte mică dintr-un obiect sau dintr-o cantitate mai mare, ceva care a fost spart sau divizat în părți mici. Poate indica și o cantitate minimă sau o urmă de ceva, o parte infimă care rămâne dintr-un întreg mai mare care a fost consumat sau distrus.,""
a se topi,verb reflexiv (infinitiv),A trece din stare solidă în stare lichidă sub acțiunea căldurii sau a deveni complet dizolvat. Verbul descrie procesul fizic de transformare a unui solid în lichid, dar poate fi folosit și metaforic pentru a descrie dispariția sau dizolvarea completă a ceva. Poate indica și o persoană care devine foarte emoționată sau care se simte copleșită de sentimente, "topindu-se" în emoții.,""
Tăcere,substantiv (feminin),Absența completă a sunetului, liniște sau refuz de a vorbi. Substantivul descrie starea de lipsă a zgomotului sau a vorbirii, o pauză în comunicare sau o perioadă de liniște completă. Poate indica și o decizie conștientă de a nu vorbi, o păstrare a tăcerii despre ceva sau pur și simplu o stare de calm și liniște fără perturbații sonore.,""

A se îmbujora,verb reflexiv (infinitiv),A deveni roșu în față, a roși de emoție, rușine sau entuziasm. Verbul descrie reacția fizică de a-ți apărea o culoare roșie pe față, de obicei cauzată de emoții puternice, rușine, mânie sau entuziasm. Este o manifestare vizibilă a stărilor emoționale interioare, care dezvăluie sentimentele unei persoane prin schimbarea culorii pielii.,""
Înflorire,substantiv (feminin),Perioada de vârf sau momentul cel mai frumos al dezvoltării, prosperitate sau înflorire. Substantivul descrie starea de maximă dezvoltare, prosperitate sau frumusețe a ceva, momentul în care ceva atinge apogeul sau perioada sa de glorie. Poate indica și procesul de a înflori, de a se dezvolta și de a atinge potențialul maxim, fie că e vorba de o plantă, o relație sau o realizare.,""
A se îndepărta,verb reflexiv (infinitiv),A se muta sau a se deplasa departe de un loc sau de o persoană, a crea distanță. Verbul descrie acțiunea de a părăsi un loc sau de a se distanța fizic sau emoțional de cineva sau ceva. Poate indica și procesul de a se separa treptat, de a pierde legătura sau apropierea, creând o distanță care poate fi atât fizică cât și emoțională.,""
Zăpăcit,adjectiv,Confuz, amețit sau lipsit de claritate mentală. Adjectivul descrie o stare de confuzie sau de lipsă a clarității de gândire, când mintea este tulburată sau copleșită. Poate indica și o persoană care este dezorientată, care nu poate gândi clar sau care este copleșită de informații sau evenimente, rezultând într-o stare de amețeală mentală.,Regionalisme
A se împrăștia,verb reflexiv (infinitiv),A se răspândi în direcții diferite, a se dispersa sau a se separa. Verbul descrie procesul de a se împrăștia în direcții multiple, de a pierde unitatea sau coerența și de a se răspândi într-un mod haotic sau necontrolat. Poate indica și o grupă de oameni sau obiecte care se separă și se deplasează în direcții diferite, pierzându-și legătura inițială.,""
Înțelegător,adjectiv,Capabil de a înțelege și de a simpatiza cu situațiile altora, empatic. Adjectivul descrie o persoană care are capacitatea de a înțelege profund sentimentele, nevoile sau dificultățile altora. Este caracteristica unei persoane care poate pune pe pielea altuia, care este empatică și care oferă suport emoțional prin înțelegere și compasiune, fără să judece sau să critice.,""
Zguduit,adjectiv,Șocat, tulburat sau profund afectat de un eveniment sau experiență. Adjectivul descrie starea emoțională de a fi complet surprins sau afectat de ceva neașteptat sau traumatizant. Poate indica și o persoană care a fost zguduită până în adâncul ființei sale, care a fost pusă la încercare sau care a trecut printr-o experiență care a schimbat fundamental perspectiva sau starea sa emoțională.,""
A se îndupleca,verb reflexiv (infinitiv),A ceda, a se supune sau a accepta ceva împotriva voinței proprii. Verbul descrie acțiunea de a renunța la propria voință sau poziție și de a accepta sau accepta ceva care nu este în concordanță cu preferințele sau dorințele personale. Este procesul de a face un compromis sau de a ceda presiunii, adesea din motive practice sau pentru a evita conflicte mai mari.,""
A se îndrăgosti,verb reflexiv (infinitiv),A dezvolta sentimente romantice puternice, a se îndrăgosti de cineva. Verbul descrie procesul emoțional de a dezvolta sentimente profunde de dragoste și atracție romantică față de o altă persoană. Este momentul în care inima se deschide complet, când sentimentele devin intense și când o persoană devine complet captivată și dedicată altuia, experimentând bucuria și pasiunea dragostei.,""
Zgudui,verb (infinitiv),A scutura puternic, a tremura sau a produce vibrații intense. Verbul descrie acțiunea de a mișca sau de a scutura ceva cu forță, producând mișcări bruște și intense. Poate indica și procesul de a produce vibrații sau cutremure, fie literal (cutremur de pământ) fie metaforic (emoții puternice care zguduie starea interioară a unei persoane).,Regionalisme
Zgripțuros,adjectiv,Încăpățânat, înțepător sau dificil de abordat. Adjectivul descrie o persoană sau o atitudine care este rigidă, neflexibilă sau care rezistă la schimbări sau la influențe externe. Poate indica și o persoană care este dificilă de abordat, care are o personalitate aspră sau care manifestă o rezistență persistentă la idei noi sau la compromisuri.,Regionalisme
A se îmbătrâni,verb reflexiv (infinitiv),A deveni mai în vârstă, a înainta în ani sau a acumula experiență de viață. Verbul descrie procesul natural de îmbătrânire, atât fizic cât și emoțional, când o persoană devine mai matură și mai înțeleaptă prin experiențele trăite. Poate indica și procesul de a acumula cunoștințe și înțelepciune prin trecerea timpului și prin trăirea diferitelor experiențe de viață.,""
Înțeles,substantiv (neuter),Semnificație, sens sau înțelegere a unui cuvânt, expresie sau concept. Substantivul descrie sensul sau semnificația atribuită unui cuvânt, expresie sau idee. Este esența comunicării, modul în care transmitem și recepționăm informații, creând o legătură între vorbitor și ascultător prin înțelegerea comună a semnificațiilor atribuite cuvintelor și expresiilor.,""
A se îndulci,verb reflexiv (infinitiv),A deveni mai dulce, mai plăcut sau mai agreabil în gust sau caracter. Verbul descrie procesul de a deveni mai plăcut, mai atrăgător sau mai agreabil, fie literal (în cazul alimentelor) fie metaforic (în cazul personalității sau comportamentului). Poate indica și o persoană care devine mai blândă, mai prietenoasă sau mai ușor de abordat, manifestând o atitudine mai caldă și mai primitoare.,""
Zgârcit,adjectiv,Avar, foarte econom sau care refuză să cheltuiască bani. Adjectivul descrie o persoană care este extrem de atentă la cheltuieli, care evită să cheltuiască bani sau care este foarte economă, adesea până la punctul de a fi considerată avară. Poate indica și o atitudine de a păstra resursele cu foarte multă grijă, uneori excesivă, manifestând o reticență de a împărtăși sau de a cheltui.,""
Înțelegere,substantiv (feminin),Capacitatea de a înțelege, a percepe sau a înțelege profund ceva. Substantivul descrie abilitatea mentală de a procesa și a înțelege informații, situații sau concepte complexe. Este procesul de a face legături între idei, de a percepe sensul și semnificația, și de a dezvolta o perspectivă clară asupra a ceea ce este înțeles, fie că e vorba de informații concrete sau de situații emoționale complexe.,""
Înțesat,adjectiv,Foarte dens, plin până la refuz sau aglomerat cu multe elemente. Adjectivul descrie ceva care este extrem de plin, care conține o cantitate foarte mare de elemente într-un spațiu limitat. Poate indica și o zonă sau un spațiu care este complet ocupat, fără loc liber, creând o senzație de aglomerație sau de densitate extremă care poate fi copleșitoare sau dificil de navigat.,""
Înțepenit,adjectiv,Înghețat, rigid sau incapabil să se miște din cauza frigului sau a unei stări de șoc. Adjectivul descrie o stare fizică sau emoțională în care ceva sau cineva este complet imobilizat, fie din cauza temperaturii scăzute, fie din cauza unei stări de șoc sau de paralizie emoțională. Poate indica și o situație care este blocată sau care nu poate progresa din cauza unor circumstanțe externe.,""
A se îndura,verb reflexiv (infinitiv),A avea milă, a se îndura sau a simți compasiune față de cineva. Verbul descrie reacția emoțională de a simți milă sau compasiune pentru suferința sau dificultățile altora. Este actul de a-ți deschide inima și de a permite sentimentelor de tandrețe și înțelegere să te ghideze, adesea ducând la acțiuni de ajutor sau suport pentru cei aflați în nevoie.,""
